cardholder_id,card_number,card_type,customer_name,email,phone_number,country,preferred_currency,reward_points,risk_score
CH0001,XXXX-XXXX-XXXX-2144,Platinum,Rachel Brown,codypatton@anderson.com,+1-679-258-9025x2905,USA,INR,1993,0.22
CH0002,XXXX-XXXX-XXXX-4499,Platinum,Margaret Jones,kimberlystephens@gmail.com,001-321-499-6763x88945,Australia,EUR,2337,0.43
CH0003,XXXX-XXXX-XXXX-5549,Platinum,Erika Cobb,wattsdavid@hotmail.com,917.284.8820x37261,USA,USD,4855,0.4
CH0004,XXXX-XXXX-XXXX-5673,Platinum,Tyler Huang,zacharyavery@fowler.com,001-184-752-8255x0790,Canada,EUR,3454,0.69
CH0005,XXXX-XXXX-XXXX-4586,Gold,Scott Obrien,nicolasschultz@barnes-mosley.com,+1-212-777-3818x171,UK,USD,6465,0.37
CH0006,XXXX-XXXX-XXXX-9820,Gold,Michael Leblanc,millermary@yahoo.com,269-238-3696,India,GBP,2570,0.67
CH0007,XXXX-XXXX-XXXX-4792,Platinum,Mary Potter,tracy44@briggs-williams.com,+1-043-537-1177x063,India,USD,7512,0.08
CH0008,XXXX-XXXX-XXXX-9571,Business,Donna Collins,leepeter@hotmail.com,+1-767-683-1176x46661,Australia,AUD,9510,0.06
CH0009,XXXX-XXXX-XXXX-2069,Business,Alexandra Osborne,erica71@gmail.com,(850)485-9920,USA,INR,4257,0.83
CH0010,XXXX-XXXX-XXXX-2280,Silver,Samantha Green,xcampbell@smith.com,583.354.9425x5640,Germany,AUD,1351,0.16
CH0011,XXXX-XXXX-XXXX-5337,Platinum,Michelle Jimenez,justin52@lee-pena.net,(954)096-4268x98800,USA,GBP,5474,0.31
CH0012,XXXX-XXXX-XXXX-6351,Platinum,Mary Buck,ujames@hubbard.org,+1-330-787-2681x437,Germany,EUR,3149,0.65
CH0013,XXXX-XXXX-XXXX-6478,Platinum,Ronald Hicks,priscilla80@gmail.com,001-369-773-4727x45616,India,EUR,9075,0.59
CH0014,XXXX-XXXX-XXXX-1845,Business,Corey Gregory,taylorcaitlyn@miller-davis.com,349.391.5159,USA,GBP,9952,0.35
CH0015,XXXX-XXXX-XXXX-5085,Gold,Michael West,robinmunoz@watson.biz,089-226-6306x146,Germany,CAD,9206,0.26
CH0016,XXXX-XXXX-XXXX-5547,Platinum,Rhonda Vasquez,karen69@bennett.com,+1-255-353-6935x343,Canada,INR,4178,0.83
CH0017,XXXX-XXXX-XXXX-2010,Silver,Rachel Andrews,roberto95@smith.info,538-600-5839x607,Germany,CAD,9328,0.1
CH0018,XXXX-XXXX-XXXX-9439,Gold,Amber Strong,james70@carpenter.com,+1-965-075-9588x202,India,AUD,2234,0.18
CH0019,XXXX-XXXX-XXXX-1289,Business,Warren Levy,porteralvin@gmail.com,(672)073-7435x42000,India,CAD,3876,0.92
CH0020,XXXX-XXXX-XXXX-6045,Platinum,Michael Patterson,franklincruz@yahoo.com,772-000-4753,Germany,EUR,9682,0.22
CH0021,XXXX-XXXX-XXXX-5711,Platinum,Nicole Ryan,zescobar@gmail.com,444-517-0933x7937,UK,INR,727,0.36
CH0022,XXXX-XXXX-XXXX-4203,Platinum,Mario Strong,imartin@jones-curtis.com,+1-516-147-5037x01765,USA,CAD,3130,0.96
CH0023,XXXX-XXXX-XXXX-1530,Silver,Tracy Hunter,colemanphillip@lozano.com,4432418134,USA,CAD,4041,0.89
CH0024,XXXX-XXXX-XXXX-8965,Gold,Steven Martin,sanchezmichelle@fuentes.com,(622)687-5128x729,Australia,INR,3152,0.79
CH0025,XXXX-XXXX-XXXX-7116,Business,Danielle Mosley,qford@medina.info,+1-444-091-9417,India,GBP,2481,0.77
CH0026,XXXX-XXXX-XXXX-8053,Business,Jessica Austin,kentjudith@kane.info,+1-893-439-0105x513,UK,GBP,552,0.46
CH0027,XXXX-XXXX-XXXX-5425,Gold,Steven Wagner,brittanyryan@johnson-campbell.com,001-409-653-8302,Germany,AUD,858,0.09
CH0028,XXXX-XXXX-XXXX-2765,Business,Kimberly Mora,hailey82@harrington.com,+1-768-279-8478x47523,Australia,AUD,6508,0.99
CH0029,XXXX-XXXX-XXXX-9151,Silver,Ashley Butler,powersryan@gmail.com,001-104-002-3174x5379,Australia,INR,9266,0.32
CH0030,XXXX-XXXX-XXXX-7095,Silver,Morgan Warren,evan60@moreno-wilson.com,089-636-6833x80360,Canada,CAD,5348,0.66
CH0031,XXXX-XXXX-XXXX-2660,Business,Tina Griffin,jacksonstephen@miller.com,216-432-9354,Canada,GBP,1613,0.38
CH0032,XXXX-XXXX-XXXX-8370,Business,Nicholas Baird,burkepaul@hotmail.com,+1-634-215-9031x89606,Canada,CAD,8940,0.17
CH0033,XXXX-XXXX-XXXX-2032,Silver,Gloria Garcia,boltonchristopher@yahoo.com,066.859.8559x12037,India,AUD,1144,0.83
CH0034,XXXX-XXXX-XXXX-6749,Business,Amanda Nguyen,sarah26@foster-hernandez.com,168-692-5269x2365,India,CAD,4189,0.04
CH0035,XXXX-XXXX-XXXX-1867,Gold,Regina Roach,romanrobert@gmail.com,001-015-388-6981,Canada,GBP,8024,0.47
CH0036,XXXX-XXXX-XXXX-8339,Platinum,Nicole Diaz,williamtorres@bailey-james.com,021-277-3085x6618,Canada,EUR,6667,0.66
CH0037,XXXX-XXXX-XXXX-9655,Silver,Matthew Mclaughlin,kristina79@cannon.net,584.985.6485x575,India,CAD,5517,0.51
CH0038,XXXX-XXXX-XXXX-5089,Silver,Mark Carter,holmesjames@gmail.com,+1-806-190-8879,Canada,EUR,3960,0.45
CH0039,XXXX-XXXX-XXXX-7421,Silver,Kenneth Rodriguez,rowejames@moore-khan.net,001-443-134-9473x9369,Germany,USD,9966,0.93
CH0040,XXXX-XXXX-XXXX-8734,Platinum,Pamela Hill,joananderson@richards.net,866.423.1984,USA,GBP,4589,0.6
CH0041,XXXX-XXXX-XXXX-1279,Gold,Jaime Davis,westdavid@simmons-hughes.com,899-878-8185,Canada,EUR,8344,0.17
CH0042,XXXX-XXXX-XXXX-4530,Platinum,Alyssa Morrow,lovetony@yahoo.com,448-689-5024,Germany,AUD,6941,0.64
CH0043,XXXX-XXXX-XXXX-6591,Gold,Rhonda Deleon,sarahjohnson@butler.com,(089)197-1028,Canada,EUR,8759,0.2
CH0044,XXXX-XXXX-XXXX-3364,Silver,Jordan Brooks,vrobinson@hall.org,9991658575,India,AUD,3763,0.48
CH0045,XXXX-XXXX-XXXX-3790,Gold,Jose Todd,loganaaron@gmail.com,468.877.1929,UK,AUD,4360,0.18
CH0046,XXXX-XXXX-XXXX-5180,Silver,William Payne,alejandrozuniga@grimes-norton.net,001-518-254-8118x8797,Australia,INR,4434,0.53
CH0047,XXXX-XXXX-XXXX-4416,Silver,Brenda Bennett,tpierce@morris.com,600.658.2184,Canada,GBP,9859,0.3
CH0048,XXXX-XXXX-XXXX-5063,Gold,Matthew Lopez,harrismolly@wilson-neal.net,+1-174-846-7053x3071,Australia,EUR,5475,0.2
CH0049,XXXX-XXXX-XXXX-3891,Business,Kelly Williams,dlee@drake.com,001-174-813-7322x698,India,CAD,3084,0.93
CH0050,XXXX-XXXX-XXXX-1034,Gold,Jerry Newman,acarson@valenzuela-moody.org,(724)720-9595x93142,Canada,INR,3245,0.05
CH0051,XXXX-XXXX-XXXX-7798,Silver,Jamie Skinner,parkermichael@hotmail.com,001-034-948-0399,India,CAD,807,0.98
CH0052,XXXX-XXXX-XXXX-6323,Business,Kenneth Mejia,mary73@hotmail.com,001-066-882-7120x46978,Germany,EUR,7315,0.62
CH0053,XXXX-XXXX-XXXX-9288,Platinum,Mike Owens,ryanjustin@gmail.com,781.534.7921x541,Australia,GBP,8985,0.07
CH0054,XXXX-XXXX-XXXX-2071,Business,Mark Gilbert,haydenharper@hart.info,001-419-925-1032x6165,Germany,AUD,4464,0.76
CH0055,XXXX-XXXX-XXXX-3927,Business,John Wells,heathergriffith@torres.com,426.632.5264,USA,USD,6010,0.47
CH0056,XXXX-XXXX-XXXX-3796,Platinum,Antonio Bruce,johnsondrew@yahoo.com,(674)955-1180,USA,INR,8871,0.81
CH0057,XXXX-XXXX-XXXX-2963,Platinum,Kristopher Tucker,williamsnathan@yahoo.com,+1-162-033-3189x02939,India,GBP,7748,0.64
CH0058,XXXX-XXXX-XXXX-4424,Business,Dr. Joshua Norman Jr.,trevorbrennan@williams-hill.info,439.159.8350,Australia,AUD,7523,0.05
CH0059,XXXX-XXXX-XXXX-6425,Gold,Mr. Joseph Jones Jr.,vwolf@yahoo.com,+1-285-989-6333,Canada,GBP,1711,0.47
CH0060,XXXX-XXXX-XXXX-2910,Business,Joshua Anderson,pamela61@herrera.com,(768)343-4548x534,Canada,INR,5008,0.95
CH0061,XXXX-XXXX-XXXX-7543,Silver,Jason Harris,leahwilliams@moody-dixon.com,001-156-734-7671,Germany,INR,807,0.44
CH0062,XXXX-XXXX-XXXX-8580,Platinum,Jennifer Taylor,davidgray@yahoo.com,+1-185-575-5163,Canada,CAD,4843,0.18
CH0063,XXXX-XXXX-XXXX-5967,Platinum,Anthony Watson,darleneevans@hotmail.com,341.273.3311,USA,GBP,7378,0.84
CH0064,XXXX-XXXX-XXXX-5274,Platinum,Gary Santos,sestes@pruitt-baker.biz,(046)122-1860x21839,Australia,CAD,3061,0.22
CH0065,XXXX-XXXX-XXXX-3707,Gold,Todd Sweeney,anncox@taylor.com,572.413.8330,India,CAD,3683,0.41
CH0066,XXXX-XXXX-XXXX-1711,Silver,Anthony Summers,deborahdavis@hotmail.com,001-255-749-8844x5174,UK,INR,7098,0.63
CH0067,XXXX-XXXX-XXXX-9005,Business,Stephen Torres,dmooney@hotmail.com,0904184582,Australia,GBP,5926,0.09
CH0068,XXXX-XXXX-XXXX-1997,Business,Shaun Hoover,taylorsosa@gmail.com,813.508.9784x076,Australia,USD,7838,0.65
CH0069,XXXX-XXXX-XXXX-1157,Silver,Desiree Nelson,qnorman@yahoo.com,428-673-3803,India,INR,4443,0.21
CH0070,XXXX-XXXX-XXXX-2382,Silver,Mrs. Carla Davis,spencer16@gmail.com,113.022.6417,Germany,GBP,7567,0.31
CH0071,XXXX-XXXX-XXXX-7027,Platinum,Brian Dougherty,swood@yahoo.com,967-612-6618,Germany,GBP,7552,0.73
CH0072,XXXX-XXXX-XXXX-3136,Gold,Jenna Valentine,thomas70@grant.com,001-529-967-0882x218,Germany,AUD,6660,0.69
CH0073,XXXX-XXXX-XXXX-8569,Platinum,William Orozco,obrown@riley.biz,(751)421-7489x6477,Canada,USD,3043,0.41
CH0074,XXXX-XXXX-XXXX-4519,Business,Jennifer Boyd,colemanjoyce@pham.info,962-436-0346x12407,Canada,CAD,515,0.51
CH0075,XXXX-XXXX-XXXX-4916,Platinum,Michael Flores,khernandez@hotmail.com,001-761-289-1070,Australia,USD,8984,0.59
CH0076,XXXX-XXXX-XXXX-8500,Silver,Daniel Johnson,avilarobert@bean.com,762-201-1013,Germany,EUR,3703,0.35
CH0077,XXXX-XXXX-XXXX-1598,Silver,Robert Romero,berrybrian@larson.info,+1-570-356-4986x474,USA,GBP,9576,0.12
CH0078,XXXX-XXXX-XXXX-6197,Gold,Peter Montgomery,qsilva@yahoo.com,+1-513-617-6408,USA,USD,2410,0.21
CH0079,XXXX-XXXX-XXXX-5490,Gold,Amy Hunt,amanda30@king.com,091-698-5256x40325,Australia,GBP,7104,0.61
CH0080,XXXX-XXXX-XXXX-2263,Platinum,Mark Anderson,klucero@valdez.com,912-908-1926,India,CAD,2172,0.69
CH0081,XXXX-XXXX-XXXX-3866,Business,Terri Griffin,kristasmith@smith.com,001-913-269-5885x485,Australia,INR,8901,0.36
CH0082,XXXX-XXXX-XXXX-2765,Gold,Gary Brown,colecody@turner.com,(241)540-9805x379,Australia,CAD,4890,0.55
CH0083,XXXX-XXXX-XXXX-8052,Business,Matthew Anderson,simmonsheather@allen.com,733-735-0020x36492,Australia,INR,6885,0.68
CH0084,XXXX-XXXX-XXXX-1451,Gold,James Wright,molinabrittany@vasquez.org,(867)404-6884,Canada,AUD,5802,0.72
CH0085,XXXX-XXXX-XXXX-9665,Platinum,Tiffany Harrell,ecoleman@jones-white.com,792.597.8731,Canada,EUR,6136,0.7
CH0086,XXXX-XXXX-XXXX-4953,Silver,Leah Baker,reedbethany@hart.org,482-651-3502,Germany,USD,8440,0.16
CH0087,XXXX-XXXX-XXXX-2198,Gold,Carla Strong,smithlisa@gmail.com,001-273-284-2779x155,USA,USD,5859,0.2
CH0088,XXXX-XXXX-XXXX-2269,Gold,Heather Lopez,kdavis@johnson.biz,+1-947-951-6725,UK,INR,4888,0.44
CH0089,XXXX-XXXX-XXXX-6422,Gold,Angela Alvarez,gmorton@stephenson-garcia.biz,001-948-289-6360x36687,Canada,INR,3321,0.78
CH0090,XXXX-XXXX-XXXX-3443,Silver,Stephanie Davis,denise20@montes-smith.org,(840)508-1008x978,Germany,INR,8685,0.21
CH0091,XXXX-XXXX-XXXX-9233,Silver,Thomas Mcneil,operry@yahoo.com,+1-810-821-0225,Germany,CAD,3988,0.36
CH0092,XXXX-XXXX-XXXX-9569,Gold,Jeffrey Martinez,iashley@yahoo.com,953.635.6775x14240,UK,INR,8798,0.55
CH0093,XXXX-XXXX-XXXX-8335,Gold,Francisco Oneal,frazierjoshua@crawford.com,253-460-2637,USA,USD,6002,0.25
CH0094,XXXX-XXXX-XXXX-3752,Platinum,Anthony Kim,richardevans@gmail.com,001-382-532-9622,Germany,EUR,1030,0.63
CH0095,XXXX-XXXX-XXXX-4175,Platinum,Joel Velazquez,johnsonmelinda@davenport.net,(174)090-3734,USA,USD,2026,0.2
CH0096,XXXX-XXXX-XXXX-3499,Silver,Mark Sanchez,joyce32@yahoo.com,001-939-928-5351,UK,INR,5331,0.36
CH0097,XXXX-XXXX-XXXX-8777,Business,Chris Aguilar,perezryan@yahoo.com,353-913-2136,India,AUD,2424,0.21
CH0098,XXXX-XXXX-XXXX-8920,Business,Dana Evans,jennifergibbs@turner.biz,548.563.6376x1527,Australia,AUD,7963,0.11
CH0099,XXXX-XXXX-XXXX-3886,Business,Jacob Garcia,rrocha@gmail.com,001-269-847-3349,India,USD,1997,0.27
CH0100,XXXX-XXXX-XXXX-6631,Business,Marisa Rodgers,shelley20@hotmail.com,001-585-782-2013x620,USA,EUR,7919,0.95
CH0101,XXXX-XXXX-XXXX-2879,Platinum,Steven Richardson,grant24@gmail.com,745.317.6960,Germany,GBP,9595,0.52
CH0102,XXXX-XXXX-XXXX-9325,Gold,Dalton Simon,cookkaren@finley.com,(375)054-3710x08909,Australia,AUD,2744,0.39
CH0103,XXXX-XXXX-XXXX-1384,Platinum,Jennifer Hall,denise45@gmail.com,893-049-3794x914,Australia,CAD,2551,0.84
CH0104,XXXX-XXXX-XXXX-2886,Gold,Michael Peterson,lhenderson@gmail.com,001-157-359-2518x552,Canada,INR,1719,0.22
CH0105,XXXX-XXXX-XXXX-6629,Platinum,Joseph Levine,chad58@hotmail.com,616-752-5738,Australia,GBP,4442,0.38
CH0106,XXXX-XXXX-XXXX-9881,Gold,John Adams,garyscott@hotmail.com,677-156-9273,Canada,CAD,3808,0.82
CH0107,XXXX-XXXX-XXXX-2698,Business,Marc Moon,nrichards@hotmail.com,666.591.2266,Canada,CAD,1758,0.11
CH0108,XXXX-XXXX-XXXX-4523,Gold,Brian Charles,johnnynewman@hotmail.com,863.501.1706,Canada,EUR,877,0.34
CH0109,XXXX-XXXX-XXXX-2617,Business,Zachary Garcia,harrisonlaura@jensen.com,001-733-603-9208,Canada,INR,6431,0.32
CH0110,XXXX-XXXX-XXXX-7440,Business,Susan Little,matthew93@king-murphy.com,9075753616,India,EUR,7341,0.39
CH0111,XXXX-XXXX-XXXX-7805,Platinum,Christina Harvey,michael89@mcfarland.com,(339)322-3637,Canada,AUD,4892,0.15
CH0112,XXXX-XXXX-XXXX-5965,Silver,John Davidson,milesjennifer@jackson.info,503.586.2644,USA,GBP,6472,0.97
CH0113,XXXX-XXXX-XXXX-9306,Silver,Aaron Contreras,jeffrey82@gmail.com,007-232-2858x38801,Canada,INR,8466,0.81
CH0114,XXXX-XXXX-XXXX-5254,Platinum,Richard Duarte,perezdevin@yahoo.com,(828)928-7312x464,USA,AUD,7541,0.69
CH0115,XXXX-XXXX-XXXX-8954,Business,Benjamin Macdonald MD,luisharrison@leon.com,091.562.1816,India,INR,3320,0.52
CH0116,XXXX-XXXX-XXXX-8276,Silver,Amy Burns,sullivanrobert@yahoo.com,001-967-364-0076x23581,Germany,CAD,2869,0.21
CH0117,XXXX-XXXX-XXXX-9799,Business,Justin Morales,linda73@gmail.com,+1-027-300-0557x16412,USA,GBP,1162,0.35
CH0118,XXXX-XXXX-XXXX-4688,Platinum,Samuel Fisher,shannonbraun@dunn.com,676-678-6306,Canada,EUR,2445,0.54
CH0119,XXXX-XXXX-XXXX-3445,Gold,Michael Henderson,chelseacoleman@adkins.com,(155)368-6532x40716,Germany,CAD,9435,0.44
CH0120,XXXX-XXXX-XXXX-2434,Gold,Adam Wright,samueldavidson@yahoo.com,(931)782-6242,India,EUR,773,0.22
CH0121,XXXX-XXXX-XXXX-2454,Silver,Mason Leach,ashleyphillips@hotmail.com,650-744-9917x023,India,GBP,6138,0.09
CH0122,XXXX-XXXX-XXXX-7097,Business,Caroline Steele,juliamayo@hotmail.com,001-128-399-0075,India,USD,4368,0.27
CH0123,XXXX-XXXX-XXXX-8882,Platinum,Caitlin Smith,thomaswaters@hotmail.com,+1-179-982-7976x10932,India,USD,5073,0.82
CH0124,XXXX-XXXX-XXXX-5368,Gold,Becky Foster,browningandrew@gmail.com,1749495357,Canada,GBP,1119,0.16
CH0125,XXXX-XXXX-XXXX-7451,Business,Jessica Lewis,crystalbeck@hotmail.com,(665)444-8681x75531,Germany,GBP,6694,0.35
CH0126,XXXX-XXXX-XXXX-9126,Platinum,Lori Bailey,russellherrera@greene.com,001-739-569-5534x194,India,USD,9788,0.88
CH0127,XXXX-XXXX-XXXX-5207,Platinum,Amber Anderson,thernandez@gmail.com,+1-835-830-3475,UK,USD,9970,0.53
CH0128,XXXX-XXXX-XXXX-6021,Gold,John Clark,dennistravis@gmail.com,(906)562-4229,Canada,USD,692,0.05
CH0129,XXXX-XXXX-XXXX-6159,Business,Rachel Nunez,bpeterson@yahoo.com,874.993.5316,Canada,EUR,4252,0.63
CH0130,XXXX-XXXX-XXXX-8840,Silver,Donald Thompson,peter93@gmail.com,233.275.9476x917,Australia,CAD,8658,0.12
CH0131,XXXX-XXXX-XXXX-8491,Platinum,Daniel Lucas,justin54@garcia.com,(669)793-7593x2395,USA,EUR,7876,0.93
CH0132,XXXX-XXXX-XXXX-9133,Platinum,Lorraine Ho,phorne@mcbride-garcia.com,001-387-783-4671x92652,Australia,EUR,9266,0.29
CH0133,XXXX-XXXX-XXXX-7166,Silver,Jill Santiago,mhardy@martin.biz,249.226.3654x2455,Canada,INR,4480,0.24
CH0134,XXXX-XXXX-XXXX-1273,Platinum,Brooke Watts,william97@mccoy.com,707-139-1422x98669,Australia,INR,4713,0.18
CH0135,XXXX-XXXX-XXXX-7894,Platinum,Matthew Cochran,jcameron@gmail.com,(942)465-1442x0542,Germany,CAD,4204,0.43
CH0136,XXXX-XXXX-XXXX-9825,Business,Taylor Whitney,caitlinanderson@gray.com,(456)144-7737,Canada,INR,1721,0.76
CH0137,XXXX-XXXX-XXXX-1368,Silver,Rebecca Rice,cassandra82@stephens-white.biz,(582)553-7898x46451,Canada,CAD,2330,0.96
CH0138,XXXX-XXXX-XXXX-8114,Platinum,David Swanson,clewis@velasquez.info,001-477-783-8440x0462,Canada,EUR,9247,0.75
CH0139,XXXX-XXXX-XXXX-9905,Platinum,Rhonda Fox,sdavies@yahoo.com,854-482-7971x8944,Australia,CAD,1658,0.83
CH0140,XXXX-XXXX-XXXX-8368,Business,Margaret Castaneda,james99@schroeder.info,485-453-4197x964,UK,GBP,6188,0.75
CH0141,XXXX-XXXX-XXXX-4633,Business,James Porter,lovepaul@hotmail.com,867-716-0962x8035,USA,GBP,7650,0.85
CH0142,XXXX-XXXX-XXXX-5219,Silver,Rachael Johnson,aguilardawn@graham-shepherd.com,118-025-5414x9694,Germany,USD,4853,0.56
CH0143,XXXX-XXXX-XXXX-3088,Silver,Albert Phillips,cindyguerra@anderson.net,841.492.8253,Australia,AUD,6970,0.54
CH0144,XXXX-XXXX-XXXX-1301,Platinum,Megan Powers,owilliams@graves.com,474.033.1247x62214,Canada,AUD,1831,0.34
CH0145,XXXX-XXXX-XXXX-3370,Business,Bonnie Taylor,cynthiagarrett@yahoo.com,001-315-615-0033x1230,India,INR,5831,0.37
CH0146,XXXX-XXXX-XXXX-8565,Business,Sean Mccarthy,cbrown@olsen.net,758-482-6704x78181,Germany,USD,8017,0.82
CH0147,XXXX-XXXX-XXXX-2815,Gold,Danny Houston,juanwilson@cox.com,(540)537-0883,UK,USD,9696,0.92
CH0148,XXXX-XXXX-XXXX-4004,Business,Keith Rocha,abrown@yahoo.com,001-489-701-8515x4819,Germany,AUD,4292,0.51
CH0149,XXXX-XXXX-XXXX-5878,Silver,Andrew Hayes,jason38@powell.com,+1-012-484-4534,Australia,GBP,5743,0.31
CH0150,XXXX-XXXX-XXXX-2688,Business,Tiffany Nichols,stevenellis@hotmail.com,751.618.3196,India,USD,9860,0.12
CH0151,XXXX-XXXX-XXXX-9146,Platinum,Stephanie Smith,bakersusan@gmail.com,079-658-1070x16703,India,CAD,9797,0.52
CH0152,XXXX-XXXX-XXXX-4082,Gold,Christopher Lynch,rarnold@yahoo.com,(835)870-9659,Canada,GBP,8989,0.16
CH0153,XXXX-XXXX-XXXX-2619,Silver,Kimberly Melton,andres76@merritt.com,(360)553-9724x4379,UK,GBP,3210,0.76
CH0154,XXXX-XXXX-XXXX-2176,Gold,Christy Stevens,justin63@gmail.com,(161)595-5813x13199,India,USD,7915,0.46
CH0155,XXXX-XXXX-XXXX-4802,Business,Ashley Webster,uoconnor@hotmail.com,+1-789-010-5606x10979,Canada,AUD,5962,0.42
CH0156,XXXX-XXXX-XXXX-8648,Business,Michael Smith,spark@yahoo.com,(721)519-0978x96519,Australia,AUD,7306,0.62
CH0157,XXXX-XXXX-XXXX-8945,Gold,Melissa Wright,greercharles@yahoo.com,486-536-1651x7282,USA,EUR,8117,0.98
CH0158,XXXX-XXXX-XXXX-1999,Business,Terri Benton,laura90@watson.net,+1-138-264-4309x10237,Australia,GBP,1662,0.66
CH0159,XXXX-XXXX-XXXX-3871,Silver,Daisy Scott,eperez@hotmail.com,545.404.4721x796,Canada,CAD,8346,0.73
CH0160,XXXX-XXXX-XXXX-4390,Business,Steven Bowman,fgonzalez@gmail.com,+1-872-655-9217,Australia,EUR,3229,0.68
CH0161,XXXX-XXXX-XXXX-6893,Gold,Dana Brown,tbennett@reed.com,100-744-3872x580,Australia,EUR,8095,0.07
CH0162,XXXX-XXXX-XXXX-5463,Business,Dawn Davidson,dfritz@harrison.info,(928)783-1993x958,USA,INR,3055,0.24
CH0163,XXXX-XXXX-XXXX-8072,Business,Mathew Taylor,wrightjared@cox-edwards.biz,001-255-109-2358x715,India,CAD,9519,0.48
CH0164,XXXX-XXXX-XXXX-4498,Gold,Christopher Reed,crystal88@hotmail.com,(875)210-9190x806,Australia,AUD,6005,0.59
CH0165,XXXX-XXXX-XXXX-2771,Business,David Kemp,seanyoung@gmail.com,410.372.8853x1022,USA,AUD,6748,0.03
CH0166,XXXX-XXXX-XXXX-7572,Business,Clinton Lin MD,louisnelson@hotmail.com,376-767-6290x31367,UK,AUD,3743,0.29
CH0167,XXXX-XXXX-XXXX-2722,Gold,Tony Davis,tracycowan@shepherd.com,(071)023-9858x070,India,AUD,1950,0.87
CH0168,XXXX-XXXX-XXXX-3715,Platinum,Duane Rogers,larry05@gmail.com,289-279-5904x0966,UK,INR,9995,0.96
CH0169,XXXX-XXXX-XXXX-4668,Silver,Timothy Bailey,lori84@gmail.com,001-096-286-9964x654,India,EUR,3517,0.06
CH0170,XXXX-XXXX-XXXX-9130,Platinum,Roger Green,montoyaricky@hotmail.com,076-244-2792,India,AUD,2314,0.98
CH0171,XXXX-XXXX-XXXX-9678,Silver,Jessica Kim,rromero@hawkins-george.net,001-128-651-0638x38707,Canada,INR,8508,0.32
CH0172,XXXX-XXXX-XXXX-5666,Platinum,Darryl Bailey,tammyhensley@anderson.com,657.569.8225,USA,AUD,3782,0.3
CH0173,XXXX-XXXX-XXXX-5112,Silver,Diane Andrade,henry40@prince.info,+1-182-438-9760,USA,EUR,6661,0.46
CH0174,XXXX-XXXX-XXXX-6842,Silver,Karen Spencer,uklein@hotmail.com,079-431-7566,Germany,USD,4220,0.35
CH0175,XXXX-XXXX-XXXX-5142,Silver,Sean Jensen,medinajill@hotmail.com,+1-156-458-3382x343,UK,GBP,9397,0.25
CH0176,XXXX-XXXX-XXXX-2099,Silver,Andrew Mcdonald,donnasalinas@yahoo.com,+1-064-162-6187x895,Canada,CAD,7651,0.15
CH0177,XXXX-XXXX-XXXX-8819,Gold,Hunter Graves,qsmith@perez.com,+1-488-161-7532,Germany,INR,3626,0.57
CH0178,XXXX-XXXX-XXXX-3452,Platinum,Marie White,cferguson@hotmail.com,+1-741-092-4204,Canada,USD,2042,0.65
CH0179,XXXX-XXXX-XXXX-1236,Gold,Shane Wang,jeffreybaker@williams-stevens.org,5543221229,Australia,AUD,9493,0.35
CH0180,XXXX-XXXX-XXXX-3007,Gold,Francis Riley,shawnwaters@hotmail.com,262.139.5268,Canada,INR,3390,0.73
CH0181,XXXX-XXXX-XXXX-7906,Business,Thomas Martinez,vandrade@parsons-rivera.com,001-675-308-9083x444,India,EUR,2993,0.04
CH0182,XXXX-XXXX-XXXX-8515,Platinum,William Johnson,hallaustin@hotmail.com,517.944.9274,India,AUD,4929,0.5
CH0183,XXXX-XXXX-XXXX-2729,Platinum,Gregory Stevens,brandonbaker@yahoo.com,868-192-2431x48006,UK,GBP,3871,0.69
CH0184,XXXX-XXXX-XXXX-5949,Gold,Sarah Hensley,estesjeremy@gmail.com,001-852-908-6605,India,AUD,8732,0.95
CH0185,XXXX-XXXX-XXXX-8368,Gold,Julia Washington,daniel16@yahoo.com,+1-251-453-8814x69755,Australia,USD,8308,0.9
CH0186,XXXX-XXXX-XXXX-7209,Gold,Evelyn Smith,bford@gmail.com,(744)482-8373x71956,Australia,EUR,9823,0.16
CH0187,XXXX-XXXX-XXXX-9394,Silver,Wendy Mathews,benjamin74@butler-hardy.net,(364)745-1859,Australia,EUR,3069,0.19
CH0188,XXXX-XXXX-XXXX-6743,Gold,Randall Walker,zavery@henry.com,001-170-856-3407x4290,Australia,USD,6332,0.6
CH0189,XXXX-XXXX-XXXX-1859,Business,Janice Schmidt,christinaschultz@hotmail.com,526-655-3814,Australia,GBP,2380,0.21
CH0190,XXXX-XXXX-XXXX-2937,Gold,Barbara Garcia,holmesamber@martin.com,(820)623-7995x06191,Australia,CAD,9973,0.11
CH0191,XXXX-XXXX-XXXX-4920,Platinum,Mathew Nguyen,christopherwerner@yahoo.com,874-416-5018,UK,INR,2965,0.85
CH0192,XXXX-XXXX-XXXX-2417,Silver,Stephanie Mcmahon,qzamora@gregory.info,(885)872-2274,Australia,USD,1062,0.68
CH0193,XXXX-XXXX-XXXX-9689,Business,Crystal Spence,javier09@yahoo.com,001-796-549-1623,Germany,USD,5861,0.24
CH0194,XXXX-XXXX-XXXX-4172,Silver,Kristy Dunn,lori48@gmail.com,5812038228,Canada,EUR,8974,0.22
CH0195,XXXX-XXXX-XXXX-2159,Silver,Mark Jones,melissadavis@gmail.com,663-968-9331,Canada,USD,4848,0.43
CH0196,XXXX-XXXX-XXXX-5772,Platinum,Katherine Wright,jonesnicolas@reynolds.com,(311)725-2666,India,INR,3981,0.35
CH0197,XXXX-XXXX-XXXX-1599,Business,John Moore,ingramevan@gmail.com,1901269694,Australia,CAD,9735,0.81
CH0198,XXXX-XXXX-XXXX-3437,Gold,Jason Knight,michelle31@gmail.com,001-296-656-5804x786,India,EUR,3585,0.78
CH0199,XXXX-XXXX-XXXX-7496,Business,Kara Oliver,mhenderson@hotmail.com,+1-281-929-6801x81070,Australia,USD,7291,0.48
CH0200,XXXX-XXXX-XXXX-3354,Silver,Sheena Johnson,justinsmith@yahoo.com,(107)816-1359,Germany,USD,5649,0.52
CH0201,XXXX-XXXX-XXXX-3837,Business,Aaron Cruz,lindamiller@yahoo.com,821.694.3599x5041,UK,CAD,6859,0.72
CH0202,XXXX-XXXX-XXXX-2496,Platinum,Robert Shannon,valerie68@yahoo.com,071-349-8124x342,UK,AUD,8344,0.29
CH0203,XXXX-XXXX-XXXX-1111,Platinum,Amber Ross,renee10@green-jones.com,(479)308-7072,India,CAD,6237,0.87
CH0204,XXXX-XXXX-XXXX-7616,Gold,Derrick Castro,jessica64@gmail.com,001-052-368-2171,Australia,GBP,6431,0.68
CH0205,XXXX-XXXX-XXXX-8447,Silver,Lisa Sanchez,mariaweaver@yahoo.com,001-966-317-6604x84295,Australia,GBP,3517,0.91
CH0206,XXXX-XXXX-XXXX-2057,Platinum,Annette Rios,gjohnson@beltran.com,(354)958-8440,USA,INR,2535,0.28
CH0207,XXXX-XXXX-XXXX-8565,Platinum,Mary Patton,qwilliams@lopez.com,(533)304-1702,Canada,INR,627,0.63
CH0208,XXXX-XXXX-XXXX-1559,Platinum,Emily Roberts,gperez@spencer.com,7657287624,USA,CAD,6743,0.6
CH0209,XXXX-XXXX-XXXX-6473,Silver,Kayla Hogan MD,ayalabrandon@hotmail.com,001-587-408-9642,Canada,USD,5077,0.06
CH0210,XXXX-XXXX-XXXX-9924,Silver,Donna King,lmoore@yahoo.com,252.077.5064x4697,Australia,CAD,9997,0.55
CH0211,XXXX-XXXX-XXXX-9014,Platinum,Jennifer Vasquez,ortizkatherine@kelly.com,(587)754-7272,Canada,USD,5720,0.26
CH0212,XXXX-XXXX-XXXX-5448,Platinum,Tyler Li,salinastimothy@gmail.com,665.294.5451x4901,Australia,USD,2803,0.03
CH0213,XXXX-XXXX-XXXX-9855,Platinum,Beth Reyes,donna31@bauer-osborne.net,(584)674-4552x7556,India,INR,2030,0.14
CH0214,XXXX-XXXX-XXXX-3338,Platinum,Joseph Horton,kimberlygreer@holland.com,892-448-2034x004,UK,CAD,4074,0.13
CH0215,XXXX-XXXX-XXXX-3000,Gold,Rose Chapman,thompsonjoyce@thompson.biz,9519331066,Germany,EUR,9968,0.92
CH0216,XXXX-XXXX-XXXX-2952,Business,Jeff Rogers,nthomas@johnson.com,(114)015-4738,Australia,CAD,3071,0.22
CH0217,XXXX-XXXX-XXXX-8192,Silver,Jeffrey Rogers,clarkanna@yahoo.com,919-037-6935x4593,Canada,USD,8481,0.89
CH0218,XXXX-XXXX-XXXX-3390,Platinum,Miss Amber Huff,halljuan@stanley.com,602-638-7305,USA,INR,6152,0.28
CH0219,XXXX-XXXX-XXXX-8373,Silver,Margaret Gilbert,troy23@hotmail.com,(726)800-7057x2388,Germany,GBP,670,0.67
CH0220,XXXX-XXXX-XXXX-9487,Business,Christopher Floyd,crossspencer@ramsey-willis.info,(508)805-8306x0850,USA,GBP,5631,0.04
CH0221,XXXX-XXXX-XXXX-4300,Gold,John Copeland,shepherdnathaniel@gmail.com,(673)616-8196,UK,AUD,2208,0.02
CH0222,XXXX-XXXX-XXXX-3417,Silver,Julie Bauer,jackiedavid@gmail.com,082.090.5413,Australia,EUR,6025,0.7
CH0223,XXXX-XXXX-XXXX-2826,Gold,Raymond Jordan,jamespatty@hotmail.com,463.251.7997,UK,EUR,628,0.37
CH0224,XXXX-XXXX-XXXX-8628,Silver,Rachael Johnston,ljones@hamilton.info,(978)088-0313,Australia,AUD,8485,0.26
CH0225,XXXX-XXXX-XXXX-3893,Silver,Jared Garcia,lopezandrea@roberts.net,+1-000-502-9915x32327,Germany,USD,9989,0.08
CH0226,XXXX-XXXX-XXXX-2925,Platinum,Kimberly Cook,gevans@barnett.biz,426.219.8447x7080,UK,EUR,6714,0.94
CH0227,XXXX-XXXX-XXXX-7268,Gold,Monique Solomon,hartkayla@hale.org,+1-755-754-6358x91054,USA,USD,2384,0.59
CH0228,XXXX-XXXX-XXXX-4146,Platinum,Jeffery Holt,alexnelson@hotmail.com,001-275-795-6128x48850,Canada,USD,8551,0.9
CH0229,XXXX-XXXX-XXXX-5753,Gold,David Oconnor,michelefox@yahoo.com,840-115-9047x37770,USA,USD,3352,0.31
CH0230,XXXX-XXXX-XXXX-4952,Platinum,James Mathis,shernandez@yahoo.com,962-775-5467x656,UK,AUD,795,0.94
CH0231,XXXX-XXXX-XXXX-5551,Business,Alejandro Miller,burtonmelissa@boyd.net,(926)095-7155,USA,GBP,2024,0.58
CH0232,XXXX-XXXX-XXXX-7386,Silver,Debra White,cwhite@griffin.info,(733)574-3859x625,Germany,INR,4318,0.91
CH0233,XXXX-XXXX-XXXX-5317,Platinum,Lacey Saunders,emorris@yahoo.com,(660)063-7124x0247,Canada,USD,6354,0.04
CH0234,XXXX-XXXX-XXXX-5133,Gold,Stephanie Berry,burnsnancy@gmail.com,700-431-4943x72523,UK,GBP,772,0.42
CH0235,XXXX-XXXX-XXXX-9904,Platinum,Frank Johnson,tdavis@yahoo.com,(567)522-9701x86405,India,CAD,3218,0.31
CH0236,XXXX-XXXX-XXXX-6580,Gold,Marvin Walker,melaniecohen@rogers-morales.net,001-167-582-8563x569,Australia,CAD,2994,0.79
CH0237,XXXX-XXXX-XXXX-4295,Business,Emily Davis,robert18@yahoo.com,139-634-8107x202,UK,EUR,3723,0.79
CH0238,XXXX-XXXX-XXXX-7265,Platinum,Veronica Sheppard,qwheeler@gmail.com,001-708-016-9640x2084,India,EUR,9321,0.47
CH0239,XXXX-XXXX-XXXX-9169,Platinum,Billy Singleton,mannchristopher@ellison.com,(523)147-2396,Germany,CAD,7482,0.46
CH0240,XXXX-XXXX-XXXX-8852,Silver,Emily Bonilla,kathleenbruce@hotmail.com,+1-688-656-6997x792,India,CAD,9480,0.7
CH0241,XXXX-XXXX-XXXX-7894,Silver,Jerry Lara,donaldmendoza@ellis.net,001-475-833-5170x716,Germany,EUR,7764,0.93
CH0242,XXXX-XXXX-XXXX-9883,Platinum,Caitlin Wright,pottsronald@gmail.com,880.322.7233x286,USA,GBP,4475,0.48
CH0243,XXXX-XXXX-XXXX-3067,Platinum,Anthony Robbins,gmiller@gmail.com,+1-490-284-3219x03421,USA,AUD,9521,0.82
CH0244,XXXX-XXXX-XXXX-2959,Platinum,Guy Hawkins,whitedonald@hotmail.com,3445763646,India,USD,3094,0.49
CH0245,XXXX-XXXX-XXXX-9570,Platinum,Maurice Garcia,mhancock@castro.com,+1-764-287-8837x352,UK,EUR,5171,0.27
CH0246,XXXX-XXXX-XXXX-7220,Business,Jeffrey Simmons,jamesford@bowman-olson.com,+1-565-811-8908x4410,India,AUD,4874,0.56
CH0247,XXXX-XXXX-XXXX-3571,Platinum,Miss Sarah Liu MD,rushalexandra@hotmail.com,001-602-097-7092x4562,Germany,CAD,2411,0.48
CH0248,XXXX-XXXX-XXXX-9712,Business,Stanley Green,kmiller@mathis-weaver.biz,(759)029-2985,USA,EUR,1872,0.47
CH0249,XXXX-XXXX-XXXX-1908,Silver,Carla Long,brooke72@hotmail.com,350-264-1338x161,UK,CAD,5179,0.8
CH0250,XXXX-XXXX-XXXX-2624,Gold,Daniel White,meadowsamy@hotmail.com,001-720-392-1497x570,India,INR,5295,0.03
CH0251,XXXX-XXXX-XXXX-8945,Platinum,Mary Martinez,ebanks@hotmail.com,190-453-0657x409,Australia,AUD,6903,0.2
CH0252,XXXX-XXXX-XXXX-7344,Silver,Marco Bailey,grahamandrew@williams.com,+1-941-976-6700x05326,Germany,USD,2481,0.23
CH0253,XXXX-XXXX-XXXX-3337,Platinum,Jennifer Wilson,charles24@hall-hill.com,7752100795,India,GBP,4132,0.3
CH0254,XXXX-XXXX-XXXX-7103,Silver,Katherine Horton,oherman@gmail.com,+1-206-029-4318x99935,Australia,EUR,4638,0.73
CH0255,XXXX-XXXX-XXXX-1022,Business,Kelly Gonzalez,oscarshaw@hotmail.com,471-558-9994x12705,Germany,USD,9684,0.36
CH0256,XXXX-XXXX-XXXX-1865,Business,James Valentine,sarahgordon@hill.info,+1-866-569-6036x588,USA,EUR,4797,0.7
CH0257,XXXX-XXXX-XXXX-8385,Silver,Matthew Pace,waltercarson@parker-bell.com,929-405-5022x32728,UK,EUR,7960,0.06
CH0258,XXXX-XXXX-XXXX-3472,Gold,David Mckee,cynthia70@crosby.info,(648)347-0103x204,Canada,USD,3274,0.93
CH0259,XXXX-XXXX-XXXX-4443,Platinum,Kristen Garcia,theresa03@knight-meadows.com,001-275-527-0012x934,USA,INR,9532,0.5
CH0260,XXXX-XXXX-XXXX-5584,Silver,Samuel Kirby,meyersmichael@gmail.com,272-475-4361x91928,USA,GBP,5401,0.68
CH0261,XXXX-XXXX-XXXX-3396,Gold,Deborah Collins,manuelturner@yahoo.com,001-665-338-6212,Canada,EUR,1107,0.52
CH0262,XXXX-XXXX-XXXX-3664,Silver,Lisa Lamb,graybrandon@brown-bryant.org,+1-519-968-3138,India,CAD,1891,0.3
CH0263,XXXX-XXXX-XXXX-8427,Silver,Kevin Ramsey,thomas05@gmail.com,(417)294-3360,Australia,INR,5216,0.51
CH0264,XXXX-XXXX-XXXX-2780,Silver,Jennifer Cox,tinamurray@smith.info,9268450747,UK,USD,7393,0.59
CH0265,XXXX-XXXX-XXXX-3306,Business,Kelly Potter,angela13@gmail.com,001-035-414-5044x959,USA,USD,2491,0.57
CH0266,XXXX-XXXX-XXXX-1243,Gold,Laura Rasmussen,elizabeth13@murphy-mckinney.com,001-546-962-0871,UK,EUR,7353,0.29
CH0267,XXXX-XXXX-XXXX-1646,Business,Bruce Jones,thomas79@diaz.biz,556-023-2553x9249,Germany,CAD,5359,0.18
CH0268,XXXX-XXXX-XXXX-1028,Platinum,Ann Martin,hillcarmen@yahoo.com,177.876.5193x206,Australia,USD,9560,0.35
CH0269,XXXX-XXXX-XXXX-3281,Platinum,Randy Olson,dennis59@reid.com,0135214034,India,CAD,9787,0.62
CH0270,XXXX-XXXX-XXXX-6133,Business,Megan Hart,juliewilson@mclaughlin-johnson.org,1516485682,Australia,INR,6022,0.7
CH0271,XXXX-XXXX-XXXX-3831,Gold,Emily Conley,iwallace@lee-smith.info,213-512-7437x613,UK,AUD,6599,0.52
CH0272,XXXX-XXXX-XXXX-7968,Business,Kevin Murillo,angelabanks@yahoo.com,351-994-0731,Canada,USD,3241,0.23
CH0273,XXXX-XXXX-XXXX-1968,Silver,Tonya Cox,melissayoung@yahoo.com,259-053-7757x90678,Germany,EUR,4677,0.68
CH0274,XXXX-XXXX-XXXX-3234,Gold,Carolyn Miller,dukebrianna@gmail.com,(134)106-5766,UK,USD,925,0.42
CH0275,XXXX-XXXX-XXXX-5109,Platinum,Kelly Brown,noconnell@king.biz,107.545.4769x3056,India,GBP,6037,0.8
CH0276,XXXX-XXXX-XXXX-7834,Business,Melanie Lara,colemanmarilyn@gmail.com,402.556.9384x246,Germany,CAD,6146,0.71
CH0277,XXXX-XXXX-XXXX-1153,Business,Jennifer Curtis,murphydaniel@martinez-hamilton.com,260.972.0103,USA,USD,5475,0.57
CH0278,XXXX-XXXX-XXXX-2913,Silver,James Wright,anita78@heath-lee.com,+1-503-739-7169,Australia,GBP,2264,0.62
CH0279,XXXX-XXXX-XXXX-3869,Business,Jennifer Alvarado,wjames@hamilton.com,(829)167-0401,UK,INR,6846,0.45
CH0280,XXXX-XXXX-XXXX-4233,Business,Daniel Wade,troyspears@goodwin-ellis.net,+1-153-349-3958x756,India,CAD,8524,0.02
CH0281,XXXX-XXXX-XXXX-6678,Platinum,Bethany Fitzgerald,rodriguezstephen@walsh-livingston.org,958-573-8484,Canada,INR,3907,0.16
CH0282,XXXX-XXXX-XXXX-3537,Silver,Sean Hensley MD,stephanie59@hotmail.com,+1-122-383-2813,Australia,USD,3772,0.06
CH0283,XXXX-XXXX-XXXX-6154,Gold,Kurt Ruiz,poolejorge@hotmail.com,(610)635-4593x77496,Germany,EUR,2085,0.1
CH0284,XXXX-XXXX-XXXX-1134,Business,Ashlee Larson,xthomas@hotmail.com,+1-803-292-1186x850,UK,EUR,3082,0.11
CH0285,XXXX-XXXX-XXXX-7186,Silver,Charles Davis,robertmiller@bates.com,(996)636-3332x67490,Australia,CAD,9587,0.73
CH0286,XXXX-XXXX-XXXX-1748,Gold,Mrs. Joanna Reed,martinezshelly@washington.biz,5432189030,Australia,USD,5542,0.82
CH0287,XXXX-XXXX-XXXX-2181,Platinum,Morgan Fisher,llin@williams.com,+1-030-885-5255x1981,Canada,AUD,5650,0.12
CH0288,XXXX-XXXX-XXXX-3200,Business,Connie Armstrong DDS,joshuatran@cantu-massey.com,+1-318-307-4528x3915,Canada,INR,1741,0.77
CH0289,XXXX-XXXX-XXXX-4042,Silver,Jeffrey Andrews,olivia62@yahoo.com,830.910.1972,Australia,AUD,4477,0.49
CH0290,XXXX-XXXX-XXXX-5409,Business,Jose Hopkins,andrewavila@yahoo.com,543.717.9050,India,GBP,1438,0.46
CH0291,XXXX-XXXX-XXXX-5989,Silver,Amanda Bradley,angela32@gmail.com,001-342-037-7593x9524,UK,EUR,5212,0.23
CH0292,XXXX-XXXX-XXXX-5985,Silver,Paul Tran,jasonturner@harvey-parker.info,917-088-5789x989,Australia,EUR,4366,0.93
CH0293,XXXX-XXXX-XXXX-7977,Business,Jessica Moore,ajohnson@gmail.com,+1-272-604-4936x6314,Canada,INR,8359,0.88
CH0294,XXXX-XXXX-XXXX-6396,Business,Michael Walker,ryanneal@yahoo.com,(505)447-5051x60152,USA,USD,9906,0.78
CH0295,XXXX-XXXX-XXXX-9370,Silver,Michael Pitts,thomas41@byrd.com,+1-262-878-1778x13929,Canada,GBP,8489,0.14
CH0296,XXXX-XXXX-XXXX-8371,Platinum,Joseph Barnes,bbooth@hotmail.com,020-949-1537,India,CAD,9942,0.44
CH0297,XXXX-XXXX-XXXX-3924,Gold,Kristin Munoz,mcbridestanley@gmail.com,993.805.5068,Australia,CAD,4999,0.66
CH0298,XXXX-XXXX-XXXX-7154,Business,Amy Turner,abigail69@campbell.net,(569)221-5303x30289,Australia,INR,5743,0.93
CH0299,XXXX-XXXX-XXXX-2982,Platinum,James Craig,youngmark@johnson.org,+1-468-476-4640x6885,Canada,CAD,1993,0.16
CH0300,XXXX-XXXX-XXXX-9613,Silver,Brenda Castro,cpeck@dodson.info,532.843.9185x9438,India,EUR,8607,0.11
CH0301,XXXX-XXXX-XXXX-2250,Silver,Jean Brooks,gregoryjackson@montoya.net,(900)019-9352,India,AUD,1678,0.55
CH0302,XXXX-XXXX-XXXX-6544,Gold,Randy Rowe,rachelroberts@yahoo.com,+1-534-522-4630x86581,India,INR,3615,0.99
CH0303,XXXX-XXXX-XXXX-6395,Business,Wendy Wilson,holmesharry@hotmail.com,292.463.6319x1849,Germany,AUD,7479,0.36
CH0304,XXXX-XXXX-XXXX-2763,Gold,Don Olsen,jacksonstephanie@hernandez.net,930.529.2663,Australia,GBP,6247,0.11
CH0305,XXXX-XXXX-XXXX-3820,Silver,Kaylee Knight,ecastillo@walker-larson.org,0016999106,Canada,EUR,3299,0.44
CH0306,XXXX-XXXX-XXXX-1591,Platinum,Mitchell Wright,williamslaurie@hotmail.com,001-090-309-5985x2707,Canada,CAD,2192,0.63
CH0307,XXXX-XXXX-XXXX-7297,Silver,Eric Harper,orandolph@gmail.com,(267)882-4280x596,India,CAD,6918,0.05
CH0308,XXXX-XXXX-XXXX-1055,Silver,Paige Edwards,amiller@yu-lopez.info,669-493-8281x206,Canada,EUR,5121,0.78
CH0309,XXXX-XXXX-XXXX-8825,Silver,Brian Parker,fmckinney@pope-rosales.org,9340664977,Canada,CAD,9209,0.75
CH0310,XXXX-XXXX-XXXX-9101,Silver,Maureen Dawson,alexandra93@yahoo.com,+1-926-323-9143,Canada,INR,2057,0.24
CH0311,XXXX-XXXX-XXXX-2261,Gold,Dustin Saunders,millerkevin@baxter.com,001-213-867-8922,USA,USD,519,0.9
CH0312,XXXX-XXXX-XXXX-3847,Platinum,Melissa Watson,donald78@henderson.com,001-220-932-1486x72563,Germany,INR,1069,0.55
CH0313,XXXX-XXXX-XXXX-1965,Platinum,Tyler Gray,jocelynmitchell@yahoo.com,(169)405-0666x539,Germany,USD,9880,0.88
CH0314,XXXX-XXXX-XXXX-7385,Gold,Jordan Kirk,xsmith@taylor.com,316.147.5779x900,USA,EUR,3823,0.46
CH0315,XXXX-XXXX-XXXX-3469,Business,Carl Kaiser,lori67@meyer.org,0934327528,UK,AUD,4404,0.85
CH0316,XXXX-XXXX-XXXX-7286,Business,Nathan Schwartz,bethanyflynn@hotmail.com,(913)819-6092x1073,India,EUR,6444,0.04
CH0317,XXXX-XXXX-XXXX-3611,Platinum,Linda Simmons,nperez@lopez.com,(150)712-7448,USA,AUD,8391,0.19
CH0318,XXXX-XXXX-XXXX-7583,Business,Ricardo Chavez,wandalee@collins.net,(589)375-3790,Germany,CAD,8062,0.42
CH0319,XXXX-XXXX-XXXX-7350,Gold,Emily Cox,zobrien@yahoo.com,+1-610-876-0186,Germany,GBP,9287,0.32
CH0320,XXXX-XXXX-XXXX-3795,Silver,Caitlin Thomas,mlogan@sanchez-rodriguez.com,(026)146-3399x8074,Australia,AUD,506,0.33
CH0321,XXXX-XXXX-XXXX-5061,Platinum,Michael Cruz,rogermorgan@baird.com,521-612-1279x51312,Canada,INR,1878,0.05
CH0322,XXXX-XXXX-XXXX-8724,Gold,David Meyers,danajohnson@lewis.com,849.700.8754x30523,USA,GBP,6306,0.74
CH0323,XXXX-XXXX-XXXX-3920,Business,Justin Miller,jacqueline87@gmail.com,001-643-897-1113,India,GBP,5956,0.35
CH0324,XXXX-XXXX-XXXX-6120,Gold,Rita Middleton,stokeskyle@herman-rose.com,001-304-373-2161x83847,Canada,AUD,8428,0.54
CH0325,XXXX-XXXX-XXXX-3751,Gold,Christine Haley,nashjose@webb.com,+1-969-653-1857,UK,AUD,1570,0.69
CH0326,XXXX-XXXX-XXXX-1476,Silver,Melissa Mora,sharon37@bishop.org,3664620093,USA,GBP,7910,0.13
CH0327,XXXX-XXXX-XXXX-3974,Business,Christine Smith,hallkara@berry-baker.biz,399-744-9337x33714,UK,EUR,3021,0.22
CH0328,XXXX-XXXX-XXXX-1739,Silver,Mark Morrison,michelle38@gonzalez.com,+1-676-035-7692,Australia,GBP,2592,0.18
CH0329,XXXX-XXXX-XXXX-1783,Business,Colton Jackson,hillangela@hotmail.com,965.400.5461x7541,Australia,GBP,7421,0.45
CH0330,XXXX-XXXX-XXXX-7596,Business,Heather Adams,tiffany03@smith-davis.com,932-073-6921x95423,Canada,GBP,2827,0.29
CH0331,XXXX-XXXX-XXXX-7681,Silver,Mary Vazquez,ewelch@garrett.biz,179-744-1458,Germany,EUR,9871,0.18
CH0332,XXXX-XXXX-XXXX-8391,Gold,Maria Brown,sabrinawood@hotmail.com,011.309.6557,Canada,CAD,8860,0.97
CH0333,XXXX-XXXX-XXXX-7568,Gold,Molly Tran,william29@hotmail.com,+1-030-462-9732x5716,Canada,GBP,8557,0.32
CH0334,XXXX-XXXX-XXXX-1066,Silver,Colton Lopez,russellmatthew@gmail.com,+1-531-252-5391,Germany,AUD,4662,0.63
CH0335,XXXX-XXXX-XXXX-2770,Platinum,Daniel Davis,johncortez@moore.biz,001-563-849-6291,Canada,USD,2396,0.51
CH0336,XXXX-XXXX-XXXX-7153,Silver,Douglas Lambert,john90@gmail.com,2525720133,USA,INR,1686,0.64
CH0337,XXXX-XXXX-XXXX-6835,Silver,Tonya Payne,usmith@powell-smith.biz,197.154.6132,USA,AUD,2151,0.15
CH0338,XXXX-XXXX-XXXX-2203,Business,Victoria Jordan,christopher67@gmail.com,+1-733-046-8805,UK,CAD,4814,0.87
CH0339,XXXX-XXXX-XXXX-9134,Business,Darren Tate,randerson@yahoo.com,013-831-5336x99802,USA,CAD,1247,0.54
CH0340,XXXX-XXXX-XXXX-8781,Business,Jessica Williams,aortiz@yahoo.com,(437)367-5171x077,UK,AUD,4200,0.16
CH0341,XXXX-XXXX-XXXX-2905,Platinum,Madison Valentine,jesus55@washington-ward.com,001-890-136-7683x40507,India,INR,4906,0.74
CH0342,XXXX-XXXX-XXXX-5763,Platinum,Victoria Ali,nhuff@zamora-bridges.com,(024)568-7430x2919,India,AUD,6534,0.77
CH0343,XXXX-XXXX-XXXX-6249,Silver,Beverly Martinez,cunninghammark@gmail.com,296-744-5452,USA,INR,9241,0.08
CH0344,XXXX-XXXX-XXXX-6941,Platinum,Linda Sanchez,kristinamiller@jones.com,(005)977-1097,Canada,AUD,5123,0.88
CH0345,XXXX-XXXX-XXXX-6456,Gold,Jonathan Strickland,carlos99@david.com,+1-046-066-2392x13117,USA,EUR,3648,0.03
CH0346,XXXX-XXXX-XXXX-3983,Silver,Sarah Phillips,qhayes@hotmail.com,(730)692-3254,Germany,GBP,2813,0.62
CH0347,XXXX-XXXX-XXXX-9772,Platinum,Jennifer Campbell,pottsjamie@yahoo.com,787-568-5649,USA,USD,661,0.64
CH0348,XXXX-XXXX-XXXX-5284,Platinum,Hannah Nguyen,mariecalderon@gmail.com,741.201.0109,UK,CAD,8224,0.89
CH0349,XXXX-XXXX-XXXX-3746,Platinum,Amber Gomez MD,sarareed@hotmail.com,(141)342-3461,USA,USD,1348,0.45
CH0350,XXXX-XXXX-XXXX-2625,Gold,Jose Torres,morenojohn@gmail.com,980.305.7373x523,UK,INR,5046,0.81
CH0351,XXXX-XXXX-XXXX-8045,Platinum,Gerald Combs,pamelalandry@hardy-white.biz,775-646-5651x14669,Australia,USD,8786,0.22
CH0352,XXXX-XXXX-XXXX-7741,Business,Elizabeth Flores,hudsondonna@fleming.net,678.343.7320x7320,India,CAD,6994,0.58
CH0353,XXXX-XXXX-XXXX-7727,Gold,Caitlin Butler,vcarson@lee.com,(254)157-4820,Germany,USD,8284,0.32
CH0354,XXXX-XXXX-XXXX-1369,Business,Nichole Grant,xmora@nichols-carter.com,079-773-7402,UK,EUR,6733,0.13
CH0355,XXXX-XXXX-XXXX-9582,Silver,Dr. Courtney Thomas,underwoodjessica@rogers.com,559-903-5734x621,Australia,USD,2042,0.93
CH0356,XXXX-XXXX-XXXX-1759,Business,John Parsons,walkermichael@cook-clark.com,001-197-590-0707x00164,UK,CAD,8420,0.87
CH0357,XXXX-XXXX-XXXX-5373,Business,Jeffery Mccarthy,andreapennington@crosby.info,463-103-2759x392,Germany,INR,6697,0.43
CH0358,XXXX-XXXX-XXXX-4622,Gold,Rachel Michael,robinhull@gmail.com,1317085514,Canada,USD,6037,0.09
CH0359,XXXX-XXXX-XXXX-2605,Gold,Kathy Whitaker,cheryl12@brooks.com,001-377-852-2102x80713,Germany,CAD,1625,0.45
CH0360,XXXX-XXXX-XXXX-7692,Platinum,Albert Kelly,uhale@nguyen-walsh.com,001-631-355-3029x29094,USA,GBP,3953,0.21
CH0361,XXXX-XXXX-XXXX-2786,Silver,Michael Mullins,lisa21@hotmail.com,(751)282-0752x94698,UK,GBP,4083,0.94
CH0362,XXXX-XXXX-XXXX-2365,Gold,Daniel Jimenez,hhansen@nguyen.com,700-015-6373x5606,Canada,EUR,7915,0.24
CH0363,XXXX-XXXX-XXXX-6036,Silver,Grant Williams,jonesdaniel@walters-yang.biz,084.671.3624,Canada,GBP,8515,0.21
CH0364,XXXX-XXXX-XXXX-4861,Business,Chris Rivas,christopher83@gmail.com,0506141319,India,AUD,3797,0.89
CH0365,XXXX-XXXX-XXXX-5166,Business,Sarah Eaton,bfields@yahoo.com,+1-215-362-5236x16222,USA,INR,8011,0.41
CH0366,XXXX-XXXX-XXXX-3852,Platinum,Christopher Griffith,jasonwilliams@nguyen.org,(743)626-8858x205,Australia,INR,6171,0.43
CH0367,XXXX-XXXX-XXXX-9561,Silver,Jamie Campbell,gbaker@hotmail.com,7544646734,India,USD,5567,0.85
CH0368,XXXX-XXXX-XXXX-2406,Silver,Amanda Cox,pamelacuevas@harris.net,765.632.9720x93166,India,USD,8599,0.38
CH0369,XXXX-XXXX-XXXX-3263,Silver,Mario Durham,benjaminwright@gmail.com,+1-175-327-4451x652,India,CAD,5551,0.16
CH0370,XXXX-XXXX-XXXX-2538,Gold,Joseph Schneider,richard59@goodman.net,+1-459-060-6002x74901,UK,GBP,1065,0.62
CH0371,XXXX-XXXX-XXXX-3973,Business,Amanda Vaughn,hernandezmichael@wallace.net,+1-882-970-8166,USA,EUR,6584,0.6
CH0372,XXXX-XXXX-XXXX-5079,Platinum,Charles Luna,washingtonchristie@davenport-anderson.com,954-212-1123x61401,Germany,INR,7689,0.24
CH0373,XXXX-XXXX-XXXX-7070,Business,Megan Morgan,tiffany17@hotmail.com,(027)525-1535,Australia,GBP,2993,0.16
CH0374,XXXX-XXXX-XXXX-7730,Gold,Wesley Morgan,yweber@gmail.com,+1-212-482-2037,Germany,INR,8756,0.62
CH0375,XXXX-XXXX-XXXX-3304,Business,Seth Norman,sweeneypeter@yahoo.com,+1-966-035-6086x9871,Canada,GBP,9162,0.76
CH0376,XXXX-XXXX-XXXX-4348,Business,Steven Burnett,aherring@jones.com,001-908-532-3785x661,UK,EUR,2165,0.26
CH0377,XXXX-XXXX-XXXX-1030,Gold,Sarah Rollins,imartin@lewis.com,777-163-8787,Canada,EUR,4612,0.11
CH0378,XXXX-XXXX-XXXX-7369,Silver,Brian Jones,rileyjason@hammond.org,7501937326,India,AUD,2041,0.09
CH0379,XXXX-XXXX-XXXX-2572,Gold,Connie Chung,isabellahiggins@reynolds.com,498.776.5553,UK,GBP,3584,0.34
CH0380,XXXX-XXXX-XXXX-6523,Platinum,Gregory Medina,john98@gmail.com,582-174-6547,USA,EUR,3847,0.16
CH0381,XXXX-XXXX-XXXX-1686,Platinum,Malik Jones,ashleyterry@bennett-alexander.com,+1-593-351-3651x1723,Germany,EUR,2554,0.81
CH0382,XXXX-XXXX-XXXX-3405,Silver,Joanne Davis,sanchezjames@yahoo.com,781.814.1784,UK,USD,7531,0.27
CH0383,XXXX-XXXX-XXXX-2796,Silver,Melanie Scott,robinmoreno@gmail.com,518.096.5356x5908,India,INR,4445,0.55
CH0384,XXXX-XXXX-XXXX-9606,Silver,Angela Nelson,cynthiasanders@flynn.com,(411)788-9520,Germany,CAD,5791,0.7
CH0385,XXXX-XXXX-XXXX-7500,Silver,Rachel Lowe,baileychristy@yahoo.com,(451)978-9654,Germany,CAD,7750,0.11
CH0386,XXXX-XXXX-XXXX-4413,Platinum,Jason Lopez,jennanguyen@vance.com,712.489.6459,USA,CAD,1755,0.85
CH0387,XXXX-XXXX-XXXX-5103,Business,Marie Gross,danielsmith@roberts-barton.org,703-537-2926,India,GBP,7667,0.03
CH0388,XXXX-XXXX-XXXX-4690,Silver,Kelsey Branch,pmcbride@taylor.com,517.309.1483x980,Germany,USD,1789,0.01
CH0389,XXXX-XXXX-XXXX-6810,Platinum,James Hernandez,greenvincent@hall.net,(812)008-6954,Germany,CAD,6972,0.18
CH0390,XXXX-XXXX-XXXX-3713,Platinum,Richard Bernard,jamespatrick@stewart.com,(354)934-6645x83013,Canada,CAD,5147,0.37
CH0391,XXXX-XXXX-XXXX-6490,Silver,Mary Wright,juliehill@farrell.com,630-447-7972x7206,India,EUR,4500,0.76
CH0392,XXXX-XXXX-XXXX-3388,Silver,Amy Bailey,gregorymclaughlin@stephens-russell.biz,(129)929-6825x45710,India,CAD,3246,0.12
CH0393,XXXX-XXXX-XXXX-6854,Gold,Michelle Maldonado,kimjensen@gmail.com,(886)789-9233x374,UK,EUR,4571,0.58
CH0394,XXXX-XXXX-XXXX-5099,Platinum,Carol Escobar MD,ijordan@hotmail.com,(457)932-5047,Canada,USD,9998,0.21
CH0395,XXXX-XXXX-XXXX-8535,Silver,Christopher Stout,deborah29@gmail.com,8503085407,USA,USD,522,0.21
CH0396,XXXX-XXXX-XXXX-3460,Gold,Stephanie Brown,gerald54@hotmail.com,824.531.7590,USA,AUD,955,0.27
CH0397,XXXX-XXXX-XXXX-8787,Business,Troy Chambers,laurenramos@hotmail.com,(406)454-8192,Canada,CAD,3039,0.3
CH0398,XXXX-XXXX-XXXX-7769,Silver,Tammy Martin,jocelyn86@yahoo.com,+1-879-037-4206x841,Australia,INR,7163,0.3
CH0399,XXXX-XXXX-XXXX-9980,Business,Katie Harrison,abigail45@hotmail.com,+1-257-547-2021x9599,UK,EUR,9301,0.03
CH0400,XXXX-XXXX-XXXX-6981,Gold,Erica Hickman,rosebrian@gmail.com,+1-417-123-6543x8434,Australia,AUD,7533,0.84
CH0401,XXXX-XXXX-XXXX-4260,Gold,Taylor Shah,riggstammy@gmail.com,365-520-2081,Germany,EUR,7701,0.14
CH0402,XXXX-XXXX-XXXX-3062,Platinum,Angela Molina,bharrison@macias.com,+1-774-058-4455x5352,USA,EUR,3446,0.13
CH0403,XXXX-XXXX-XXXX-1768,Platinum,Sarah Richardson,woodschristopher@duncan-cruz.net,115.749.2756x8665,India,USD,5514,0.03
CH0404,XXXX-XXXX-XXXX-5799,Business,Cindy Henry,lauralynch@bennett-roy.com,(819)607-9845x2775,Australia,AUD,596,0.18
CH0405,XXXX-XXXX-XXXX-6995,Platinum,Joseph Thompson,michellemoore@gmail.com,+1-293-694-5012x0828,India,AUD,2724,0.63
CH0406,XXXX-XXXX-XXXX-2491,Business,David Garcia,prattraymond@gmail.com,629.892.1246x122,UK,USD,9148,0.02
CH0407,XXXX-XXXX-XXXX-8605,Platinum,Kyle Christian,ryanthomas@sutton-hebert.com,958.099.9382,Germany,USD,3964,0.64
CH0408,XXXX-XXXX-XXXX-5573,Silver,Jordan Miller,hollowayshelley@gmail.com,(597)995-3215x438,Canada,EUR,980,0.96
CH0409,XXXX-XXXX-XXXX-3980,Platinum,Timothy Watson,gonzalesamanda@gmail.com,510.081.6439x980,Canada,GBP,4306,0.8
CH0410,XXXX-XXXX-XXXX-5879,Business,William Morales,alison95@morris.org,332-687-7375x508,India,USD,4565,0.53
CH0411,XXXX-XXXX-XXXX-1700,Platinum,Joseph Farmer,ann75@hotmail.com,001-193-253-0762x578,UK,INR,3618,0.14
CH0412,XXXX-XXXX-XXXX-8896,Business,David Hanson,zbarnes@nelson.com,894.562.9013x59794,USA,GBP,5210,0.82
CH0413,XXXX-XXXX-XXXX-9083,Platinum,Kelly Diaz,emily89@ford.org,(604)897-9001x88097,Germany,CAD,3978,0.64
CH0414,XXXX-XXXX-XXXX-1796,Silver,Jacob White,steven15@yahoo.com,305.130.2692,Germany,AUD,1649,0.59
CH0415,XXXX-XXXX-XXXX-8678,Business,Vincent Owens,lowejoseph@hotmail.com,(350)965-4443x5353,Canada,EUR,3145,0.7
CH0416,XXXX-XXXX-XXXX-4899,Platinum,Jennifer Williams,hamiltonmike@johnson.com,068.450.9378,USA,USD,8866,0.52
CH0417,XXXX-XXXX-XXXX-8617,Gold,Jennifer Taylor,davidharper@gmail.com,556-953-0945x68877,Australia,AUD,5268,0.58
CH0418,XXXX-XXXX-XXXX-7614,Platinum,David Hernandez,ashleysmith@gmail.com,001-549-004-9807x787,Germany,AUD,7856,0.25
CH0419,XXXX-XXXX-XXXX-3992,Business,Lindsey Moore,bondamanda@vasquez.com,5353523590,India,CAD,6914,0.08
CH0420,XXXX-XXXX-XXXX-8594,Business,Jennifer Harding,brendamorgan@gmail.com,+1-650-096-9103x3887,Germany,USD,2991,0.03
CH0421,XXXX-XXXX-XXXX-2643,Platinum,Diana Case,crystalmcmillan@lewis.com,789-559-9905,UK,GBP,6039,0.34
CH0422,XXXX-XXXX-XXXX-3952,Gold,Deborah Hoover,padillaallison@watkins.com,415.315.2924x90130,Australia,INR,6885,0.98
CH0423,XXXX-XXXX-XXXX-9271,Platinum,Andrew Jones,dmarsh@francis-simmons.com,981.977.6908,India,AUD,6031,0.5
CH0424,XXXX-XXXX-XXXX-1096,Gold,Kathryn Moore,debrageorge@hotmail.com,+1-890-756-5228x8639,Australia,INR,5401,0.32
CH0425,XXXX-XXXX-XXXX-8989,Gold,Destiny Reyes,qyoung@mayo.com,(926)631-0636x70725,Germany,USD,9262,0.18
CH0426,XXXX-XXXX-XXXX-4665,Platinum,Chelsea Moore,kim07@yahoo.com,001-888-092-7812x9950,Germany,CAD,1357,0.24
CH0427,XXXX-XXXX-XXXX-6919,Gold,Amy Marquez,ryan46@ponce.com,728.057.8529x7926,UK,USD,8229,0.85
CH0428,XXXX-XXXX-XXXX-5875,Silver,John Mccormick,laurieryan@morgan.com,(726)539-9782,Canada,AUD,505,0.56
CH0429,XXXX-XXXX-XXXX-3037,Silver,Wendy Johnson,jessica77@gmail.com,001-795-627-2856x94452,India,CAD,5291,0.09
CH0430,XXXX-XXXX-XXXX-3199,Platinum,Matthew Estes,richardadams@miller.net,001-069-822-8056x784,Germany,USD,3158,0.22
CH0431,XXXX-XXXX-XXXX-1645,Business,Susan Miller,rserrano@roth-cline.com,3080604366,USA,EUR,5379,0.99
CH0432,XXXX-XXXX-XXXX-6593,Gold,Casey Rodriguez,richardsonjennifer@meadows.com,001-913-054-6940,USA,GBP,8724,0.7
CH0433,XXXX-XXXX-XXXX-2800,Silver,Paula Chang,jennifer68@hotmail.com,001-108-521-6636,Canada,CAD,7999,0.95
CH0434,XXXX-XXXX-XXXX-1789,Platinum,Patricia Gardner DDS,william97@gmail.com,254-584-4156,Australia,EUR,8652,0.18
CH0435,XXXX-XXXX-XXXX-4305,Business,Tammy Daniels,kylebrown@richardson.com,402-080-5594x4918,Canada,CAD,9037,0.67
CH0436,XXXX-XXXX-XXXX-4128,Gold,Holly Lee,jefferyboyd@garrett.org,+1-145-802-8956,USA,GBP,7390,0.44
CH0437,XXXX-XXXX-XXXX-7955,Platinum,Becky Bailey,sierralee@yahoo.com,001-988-299-3325,UK,USD,7984,0.31
CH0438,XXXX-XXXX-XXXX-6535,Platinum,Nathan Wheeler,williamsstephen@yahoo.com,+1-200-288-7498,Australia,AUD,7788,0.19
CH0439,XXXX-XXXX-XXXX-8044,Platinum,Joseph Nichols,katelyn12@simmons-dillon.com,001-361-877-8989x2994,India,CAD,9339,0.23
CH0440,XXXX-XXXX-XXXX-1960,Silver,Michael Vasquez,shorn@gmail.com,001-614-660-6894x968,USA,EUR,3469,0.42
CH0441,XXXX-XXXX-XXXX-5256,Silver,Michelle Guerrero,jacobtaylor@randall-middleton.com,575-598-2677x4397,USA,EUR,8679,0.01
CH0442,XXXX-XXXX-XXXX-3480,Silver,Christopher Salazar,tthomas@gmail.com,+1-656-610-6292x10204,UK,GBP,9572,0.21
CH0443,XXXX-XXXX-XXXX-6725,Platinum,Bryan Soto,leonardkylie@conway.com,732-359-3634,India,INR,825,0.19
CH0444,XXXX-XXXX-XXXX-8509,Silver,Lauren Ward,whitecrystal@reyes.com,348-955-1707x191,Australia,EUR,3341,0.9
CH0445,XXXX-XXXX-XXXX-4504,Business,Cameron Graves,ddavis@gmail.com,+1-708-780-1757x435,Canada,USD,4832,0.35
CH0446,XXXX-XXXX-XXXX-4251,Platinum,Ashley Moore,perrykenneth@willis.com,200-682-7267x49936,India,AUD,2682,0.79
CH0447,XXXX-XXXX-XXXX-4301,Gold,Mary Jensen,fosterlatasha@martinez.com,911.433.8816x63330,UK,EUR,7425,0.84
CH0448,XXXX-XXXX-XXXX-3704,Business,Kristin Thompson,andrewfreeman@phillips-terry.com,+1-760-415-7568x2218,Canada,EUR,4313,0.88
CH0449,XXXX-XXXX-XXXX-9474,Gold,Lauren Miller,gomezterri@yahoo.com,+1-969-948-8946x4634,USA,INR,970,0.82
CH0450,XXXX-XXXX-XXXX-9100,Platinum,Barbara Sullivan,gregorypatterson@hotmail.com,+1-964-561-9259x4828,UK,AUD,6919,0.31
CH0451,XXXX-XXXX-XXXX-8411,Platinum,Tamara Butler,grodriguez@gmail.com,820-260-9354x95930,USA,INR,8086,0.31
CH0452,XXXX-XXXX-XXXX-9400,Gold,Nancy Sanchez,teresa36@gmail.com,001-920-280-2165x6449,Canada,EUR,4455,0.44
CH0453,XXXX-XXXX-XXXX-8391,Silver,Jennifer Mckee,gjenkins@hotmail.com,(163)439-8253x727,Australia,USD,2953,0.87
CH0454,XXXX-XXXX-XXXX-1863,Gold,Elizabeth Hernandez,gsawyer@yahoo.com,+1-507-524-9336x557,Germany,INR,4893,0.67
CH0455,XXXX-XXXX-XXXX-1585,Business,Judith Taylor,hshaw@gonzales-simmons.com,001-202-373-1997x80333,USA,INR,9625,0.04
CH0456,XXXX-XXXX-XXXX-6604,Business,Ms. Rebecca Hubbard,carrrobert@jones.com,+1-290-380-7383x4582,Canada,USD,5937,0.24
CH0457,XXXX-XXXX-XXXX-6470,Silver,William Smith,oliverchristina@harris-johnson.com,001-413-105-3378x62596,UK,USD,8624,0.95
CH0458,XXXX-XXXX-XXXX-3018,Platinum,Janice Huynh,richard24@jackson.com,130.377.4421,India,USD,516,0.39
CH0459,XXXX-XXXX-XXXX-9160,Silver,Elizabeth Campbell,anna61@flores-hayes.com,974.247.6972,USA,AUD,7000,0.11
CH0460,XXXX-XXXX-XXXX-6925,Gold,Amanda White,oroberts@bell-perez.com,100-754-0542x917,UK,EUR,9450,0.15
CH0461,XXXX-XXXX-XXXX-5395,Silver,Benjamin Miller,kenneth70@gmail.com,700-059-5120,UK,EUR,9550,0.37
CH0462,XXXX-XXXX-XXXX-7404,Gold,Hannah Villa,wfry@hotmail.com,001-795-701-2208x966,USA,CAD,5231,0.68
CH0463,XXXX-XXXX-XXXX-8437,Silver,Andrew Richards,gdavis@gonzalez.com,2089779644,UK,CAD,5507,0.25
CH0464,XXXX-XXXX-XXXX-9539,Gold,Christopher Lindsey,marquezchristy@hotmail.com,(615)276-2197,Canada,GBP,2989,0.65
CH0465,XXXX-XXXX-XXXX-4906,Business,Jeffery Little,theresa77@yang.com,194-976-5034x29624,India,EUR,6159,0.09
CH0466,XXXX-XXXX-XXXX-4912,Gold,Kyle Jones,fullerautumn@gmail.com,779.187.4783x5902,USA,AUD,7970,0.49
CH0467,XXXX-XXXX-XXXX-8588,Platinum,Vanessa Gibson,reidjared@casey.com,001-747-900-9944,Australia,INR,3507,0.32
CH0468,XXXX-XXXX-XXXX-7585,Platinum,Sarah Stewart,tonylarsen@gmail.com,282.472.8339,USA,EUR,8180,0.18
CH0469,XXXX-XXXX-XXXX-7830,Gold,Dwayne Hatfield,timothy97@yahoo.com,+1-606-886-7788,India,AUD,8718,0.47
CH0470,XXXX-XXXX-XXXX-3450,Gold,Mr. Mark Greer,olsoncheryl@hamilton-stone.com,001-496-497-1264x696,Australia,INR,8353,0.03
CH0471,XXXX-XXXX-XXXX-8821,Business,Erica Shields,swansonjennifer@gmail.com,001-560-998-5997x5034,USA,INR,2824,0.2
CH0472,XXXX-XXXX-XXXX-9145,Gold,Karen Fowler,uolsen@yahoo.com,+1-561-366-3963x88149,Germany,INR,3383,0.56
CH0473,XXXX-XXXX-XXXX-8906,Platinum,Matthew Burgess,william13@hernandez.com,436.814.5484x21329,India,CAD,9851,0.04
CH0474,XXXX-XXXX-XXXX-4329,Business,Craig Allen,mitchellshea@yahoo.com,+1-723-456-6842x6096,Germany,EUR,5352,0.65
CH0475,XXXX-XXXX-XXXX-9880,Platinum,Richard Fletcher,cbentley@mcguire-davis.com,727-437-1947x3963,Australia,INR,2669,0.49
CH0476,XXXX-XXXX-XXXX-2055,Silver,Kathryn Newton,kroberts@yahoo.com,793.042.4159,India,USD,9360,0.74
CH0477,XXXX-XXXX-XXXX-5955,Gold,Alexis Little,nelsonmichael@hotmail.com,559.435.8400x9793,UK,INR,7078,0.23
CH0478,XXXX-XXXX-XXXX-8603,Platinum,Meghan Walsh,aaron45@pierce.com,135.894.7152x75692,Australia,CAD,4337,0.69
CH0479,XXXX-XXXX-XXXX-9971,Platinum,Denise Perry,martinezgregory@jones.com,684-443-4133,UK,INR,7913,0.32
CH0480,XXXX-XXXX-XXXX-9207,Platinum,Linda Munoz,david35@higgins.com,759.828.3923x41330,Australia,USD,7710,0.33
CH0481,XXXX-XXXX-XXXX-1027,Platinum,Kristin Rodriguez,debranunez@hotmail.com,(076)482-9820x3523,Germany,USD,1019,0.65
CH0482,XXXX-XXXX-XXXX-3470,Business,Brandon Wall,hoffmanjohn@yahoo.com,001-301-968-7091x51319,USA,INR,1488,0.79
CH0483,XXXX-XXXX-XXXX-6882,Silver,Craig Stewart,lfuentes@fuller-neal.org,001-081-557-0975x42113,UK,EUR,781,0.96
CH0484,XXXX-XXXX-XXXX-1168,Silver,Christopher Mcdonald,craig12@mcdonald-hill.org,8343338624,USA,USD,4801,0.65
CH0485,XXXX-XXXX-XXXX-5659,Silver,Robert Matthews,justinbrown@garrett.com,798-299-9204x0007,UK,GBP,5770,0.52
CH0486,XXXX-XXXX-XXXX-1938,Silver,Billy Pittman,danielboyer@yahoo.com,001-779-113-3697x627,USA,INR,5691,0.79
CH0487,XXXX-XXXX-XXXX-3592,Business,Megan Valentine,david32@yahoo.com,(909)767-2417x087,Australia,INR,861,0.11
CH0488,XXXX-XXXX-XXXX-5093,Gold,James Owen,patricia65@white.info,318-084-4608,Australia,EUR,6094,0.37
CH0489,XXXX-XXXX-XXXX-8335,Business,Thomas Lopez,kevin22@nelson.com,884-376-5982x24561,UK,INR,5401,0.23
CH0490,XXXX-XXXX-XXXX-5834,Silver,James Walsh,hmelendez@kennedy.com,001-634-542-3597x78549,Canada,GBP,6395,0.38
CH0491,XXXX-XXXX-XXXX-8802,Platinum,John Hernandez,udavis@gmail.com,+1-115-450-3380x14502,Canada,CAD,5764,0.14
CH0492,XXXX-XXXX-XXXX-7576,Business,Kimberly Rodriguez,sbryan@gmail.com,841.500.3911x212,Germany,INR,6159,0.27
CH0493,XXXX-XXXX-XXXX-4967,Gold,Deborah Stephens,noah40@mclaughlin-chambers.com,+1-502-952-4424x056,India,AUD,6231,0.89
CH0494,XXXX-XXXX-XXXX-9340,Business,Corey Smith,jessica63@gmail.com,001.617.0741x023,USA,GBP,5916,0.58
CH0495,XXXX-XXXX-XXXX-7521,Silver,Carol Contreras,colethomas@clark.biz,(430)486-4530x676,Canada,CAD,1662,0.7
CH0496,XXXX-XXXX-XXXX-8730,Silver,Jordan Harper,madams@brown-marshall.com,(085)998-3896x497,Australia,CAD,5378,0.31
CH0497,XXXX-XXXX-XXXX-4063,Business,Beth Moore,patricia60@cole.net,001-590-687-8156,Australia,INR,682,0.13
CH0498,XXXX-XXXX-XXXX-4082,Silver,Tiffany Brown,amyking@smith-dillon.info,+1-824-778-1473x9435,USA,AUD,2009,0.4
CH0499,XXXX-XXXX-XXXX-8239,Gold,Kimberly Krueger,kathryn11@perez.com,074-244-5337,Australia,USD,5758,0.78
CH0500,XXXX-XXXX-XXXX-5259,Gold,Brandon Edwards,stephen79@wallace-curtis.net,(874)286-4685,UK,INR,6104,0.65
